DSLHUAG030,2013-10-14,12V80AH,4,
DSLHUAG020,2013-03-27,12V80AH,4,
DSLHUAG026,2013-09-12,12V80AH,4,
DSLHUAG038,2013-10-21,12V80AH,4,
DSLHUAG029,2013-10-16,12V80AH,4,
DSLHUAG043,2013-04-06,12V80AH,4,
DSLHUAG027,2013-03-27,12V80AH,4,
DSLHUAG035,2013-10-06,12V80AH,4,
DSLHUAG012,2013-12-17,12V80AH,4,
DSLHUAG011,2013-10-14,12V80AH,4,
DSLHUAG033,2013-10-18,12V80AH,4,
DSLHUAG019,2013-09-09,12V80AH,4,
DSLHUAG048,2013-09-12,12V80AH,4,
DSLHUAG045,2013-09-08,12V80AH,4,
DSLHUAG046,2013-09-08,12V80AH,4,
DSLHUAG047,2013-04-06,12V80AH,4,
DSLHUAG014,2013-09-12,12V80AH,4,
DSLHUAG009,2013-09-26,12V80AH,4,
DSLHUAG049,2013-07-03,12V80AH,4,
DSLHUAG044,2013-10-23,12V80AH,4,
DSLHUAG052,2013-09-09,12V80AH,4,
DSLHUAG037,2013-10-23,12V80AH,4,
DSLHUAG053,2013-09-26,12V80AH,4,
MYGUTAG018,2013-10-09,12V80AH,4,
MYGUTAG020,2013-09-07,12V80AH,4,
MYGUTAG021,2009-04-25,12V76AH,4,HAZE BRAND
MYGUTAG022,2013-09-17,12V80AH,4,
MYGUTAG023,2013-10-06,12V80AH,4,
MYGUTAG024,2013-07-18,12V80AH,4,
MYGUTAG025,2013-10-10,12V80AH,4,
MYGUTAG026,2013-10-10,12V80AH,4,
MYGUTAG033,2013-08-02,12V80AH,4,
MYGUTAG034,2013-08-02,12V80AH,4,
MYGUTAG036,2013-07-22,12V80AH,4,
MYGUTAG037,2013-08-02,12V80AH,4,
MYGUTAG045,2013-08-01,12V80AH,4,
MYGUTAG046,2013-11-26,12V80AH,4,RECON
MYGHUAG043,2013-11-28,12V80AH,4,RECON
MYGHUAG010,2013-11-02,12V80AH,4,RECON
MYGHUAG058,2013-11-13,12V80AH,4,RECON
PSGHUAG019-IPM,2013-09-29,12V80AH,4,
PSGHUAG032-IPM,2013-03-15,12V80AH,4,
PSGUTAG005,2013-07-11,12V80AH,4,
PSGUTAG007,2013-09-14,12V80AH,4,
PSGUTAG008,2013-07-17,12V80AH,4,
PSGUTAG009,2013-07-11,12V80AH,4,
PSGUTAG038,2013-09-05,12V80AH,4,
PSGUTAG039,2013-04-05,12V80AH,4,
PSGUTAG040,2013-02-07,12V80AH,4,
PSGUTAG041,2013-02-07,12V80AH,4,
PSGUTAG042,2013-04-05,12V80AH,4,
PSGUTAG044,2013-12-09,12V80AH,4,
TAGUTAG060,2013-09-29,12V80AH,4,
MYGUTAG060,2013-10-08,12V80AH,4,
TAGUTAG026,2013-09-29,12V80AH,4,
MYGUTAG105,2013-02-25,12V80AH,4,
MYGUTAG029,2013-09-19,12V80AH,4,
MYGUTAG078,2013-09-04,12V80AH,4,
TAGUTAG008,2013-09-29,12V80AH,4,
TAGUTAG061,2013-09-16,12V80AH,4,
